ingredient,satisfied_constraints
butter, vegetarian; gluten-free; keto; low-sodium; low-sugar; nut-free
cream, vegetarian; gluten-free; low-sodium; low-sugar; nut-free
milk, vegetarian; gluten-free; low-sodium; nut-free
cheese, vegetarian; gluten-free; keto; low-sodium; low-sugar; nut-free
egg, vegetarian; gluten-free; dairy-free; keto; paleo; whole30; low-sodium; low-sugar; nut-free
eggs, vegetarian; gluten-free; dairy-free; keto; paleo; whole30; low-sodium; low-sugar; nut-free
sugar, vegan; vegetarian; gluten-free; dairy-free; low-sodium; nut-free; kosher
salt, vegan; vegetarian; gluten-free; dairy-free; keto; paleo; whole30; low-sugar; kosher; nut-free
soy sauce, vegan; vegetarian; dairy-free; keto; low-sodium; low-sugar; nut-free
oil, vegan; vegetarian; gluten-free; dairy-free; keto; paleo; whole30; low-sodium; low-sugar; nut-free
olive oil, vegan; vegetarian; gluten-free; dairy-free; keto; paleo; whole30; low-sodium; low-sugar; nut-free
chicken, gluten-free; dairy-free; keto; paleo; whole30; low-sodium; low-sugar; nut-free
beef, gluten-free; dairy-free; keto; paleo; whole30; low-sodium; low-sugar; nut-free
salmon, gluten-free; dairy-free; keto; paleo; whole30; low-sodium; low-sugar; nut-free
yogurt, vegetarian; gluten-free; low-sodium; nut-free
baking soda, vegan; vegetarian; gluten-free; dairy-free; keto; paleo; whole30; low-sodium; low-sugar; kosher; nut-free
wheat bread, vegan; vegetarian; dairy-free; low-sodium; low-sugar; kosher; nut-free
wheat pasta, vegan; vegetarian; dairy-free; low-sodium; low-sugar; kosher; nut-free
chocolate, vegetarian; gluten-free; low-sodium; nut-free
chocolates, vegetarian; gluten-free; low-sodium; nut-free
peanut butter, vegan; vegetarian; gluten-free; dairy-free; keto; low-sodium; low-sugar; kosher
peanuts, vegan; vegetarian; gluten-free; dairy-free; keto; low-sodium; low-sugar; kosher
garlic, vegan; vegetarian; gluten-free; dairy-free; keto; paleo; whole30; low-sodium; low-sugar; kosher; nut-free
onion, vegan; vegetarian; gluten-free; dairy-free; keto; paleo; whole30; low-sodium; low-sugar; kosher; nut-free
onions, vegan; vegetarian; gluten-free; dairy-free; keto; paleo; whole30; low-sodium; low-sugar; kosher; nut-free
all-purpose flour, vegan; vegetarian; dairy-free; keto; paleo; whole30; low-sodium; low-sugar; kosher; nut-free
flour, vegan; vegetarian; dairy-free; keto; paleo; whole30; low-sodium; low-sugar; kosher; nut-free